"SPX_id","SPXD1003","SPXD1006","SPXD1002","SPXD1012","SPXD1013","SPXD1014","SPXD1016","SPXD1017","SPXD1018","SPXD1001","SPXD1015","SPXD1010","SPXD1020","SPXD1019"
22,22,"T22","CLES1-RESHOUP1-BATR3-T22","Cleaning","CLES1","Residential","House","Bathroom","RESHOUP1-BATR3","Clean and scrub tub","General",True,False,"CLES1-RESHOUP1-BATR3"
23,23,"T23","CLES1-RESHOUP1-BATR3-T23","Cleaning","CLES1","Residential","House","Bathroom","RESHOUP1-BATR3","Empty bins","General",True,False,"CLES1-RESHOUP1-BATR3"
24,24,"T24","CLES1-RESHOUP1-BATR3-T24","Cleaning","CLES1","Residential","House","Bathroom","RESHOUP1-BATR3","Clean bathroom baseboards","Deep",True,False,"CLES1-RESHOUP1-BATR3"
25,25,"T25","CLES1-RESHOUP1-BATR3-T25","Cleaning","CLES1","Residential","House","Bathroom","RESHOUP1-BATR3","Clean doors and cabinet exteriors","Deep",True,False,"CLES1-RESHOUP1-BATR3"
26,26,"T26","CLES1-RESHOUP1-BEDR4-T26","Cleaning","CLES1","Residential","House","Bedroom","RESHOUP1-BEDR4","Dust and wipe table-top surfaces","General",True,False,"CLES1-RESHOUP1-BEDR4"
27,27,"T27","CLES1-RESHOUP1-BEDR4-T27","Cleaning","CLES1","Residential","House","Bedroom","RESHOUP1-BEDR4","Sweep and mop floors","General",True,False,"CLES1-RESHOUP1-BEDR4"
28,28,"T28","CLES1-RESHOUP1-BEDR4-T28","Cleaning","CLES1","Residential","House","Bedroom","RESHOUP1-BEDR4","Vacuum carpets","General",True,False,"CLES1-RESHOUP1-BEDR4"
29,29,"T29","CLES1-RESHOUP1-BEDR4-T29","Cleaning","CLES1","Residential","House","Bedroom","RESHOUP1-BEDR4","Clean mirrors","General",True,False,"CLES1-RESHOUP1-BEDR4"
30,30,"T30","CLES1-RESHOUP1-BEDR4-T30","Cleaning","CLES1","Residential","House","Bedroom","RESHOUP1-BEDR4","Dust furniture","General",True,False,"CLES1-RESHOUP1-BEDR4"
31,31,"T31","CLES1-RESHOUP1-BEDR4-T31","Cleaning","CLES1","Residential","House","Bedroom","RESHOUP1-BEDR4","Clean hallways and staircases","General",True,False,"CLES1-RESHOUP1-BEDR4"
32,32,"T32","CLES1-RESHOUP1-BEDR4-T32","Cleaning","CLES1","Residential","House","Bedroom","RESHOUP1-BEDR4","Clean glass on patio door & front door","General",True,False,"CLES1-RESHOUP1-BEDR4"
33,33,"T33","CLES1-RESHOUP1-BEDR4-T33","Cleaning","CLES1","Residential","House","Bedroom","RESHOUP1-BEDR4","Empty bins","General",True,False,"CLES1-RESHOUP1-BEDR4"
34,34,"T34","CLES1-RESHOUP1-BEDR4-T34","Cleaning","CLES1","Residential","House","Bedroom","RESHOUP1-BEDR4","Clean baseboards","Deep",True,False,"CLES1-RESHOUP1-BEDR4"
35,35,"T35","CLES1-RESHOUP1-BEDR4-T35","Cleaning","CLES1","Residential","House","Bedroom","RESHOUP1-BEDR4","Clean under furniture","Deep",True,False,"CLES1-RESHOUP1-BEDR4"
36,36,"T36","CLES1-RESHOUP1-BEDR4-T36","Cleaning","CLES1","Residential","House","Bedroom","RESHOUP1-BEDR4","Wipe window sills","Deep",True,False,"CLES1-RESHOUP1-BEDR4"
37,37,"T37","CLES1-RESHOUP1-BEDR4-T37","Cleaning","CLES1","Residential","House","Bedroom","RESHOUP1-BEDR4","Clean window frames","Deep",True,False,"CLES1-RESHOUP1-BEDR4"
38,38,"T38","CLES1-RESHOUP1-BEDR4-T38","Cleaning","CLES1","Residential","House","Bedroom","RESHOUP1-BEDR4","Wipe door frames","Deep",True,False,"CLES1-RESHOUP1-BEDR4"
39,39,"T39","CLES1-RESHOUP1-BEDR4-T39","Cleaning","CLES1","Residential","House","Bedroom","RESHOUP1-BEDR4","Spot clean walls","Deep",True,False,"CLES1-RESHOUP1-BEDR4"
40,40,"T40","CLES1-RESHOUP1-BEDR4-T40","Cleaning","CLES1","Residential","House","Bedroom","RESHOUP1-BEDR4","Clean and wipe vents","Deep",True,False,"CLES1-RESHOUP1-BEDR4"
41,41,"T41","CLES1-RESHOUP1-BEDR4-T41","Cleaning","CLES1","Residential","House","Bedroom","RESHOUP1-BEDR4","Dusting ceiling","Deep",True,False,"CLES1-RESHOUP1-BEDR4"
42,42,"T42","CLES1-RESHOUP1-BEDR4-T42","Cleaning","CLES1","Residential","House","Bedroom","RESHOUP1-BEDR4","Wiping fans","Deep",True,False,"CLES1-RESHOUP1-BEDR4"
43,43,"T43","CLES1-RESHOUP1-LIVR5-T43","Cleaning","CLES1","Residential","House","Living Space","RESHOUP1-LIVR5","Dust and wipe table-top surfaces","General",True,False,"CLES1-RESHOUP1-LIVR5"
44,44,"T44","CLES1-RESHOUP1-LIVR5-T44","Cleaning","CLES1","Residential","House","Living Space","RESHOUP1-LIVR5","Sweep and mop floors","General",True,False,"CLES1-RESHOUP1-LIVR5"
45,45,"T45","CLES1-RESHOUP1-LIVR5-T45","Cleaning","CLES1","Residential","House","Living Space","RESHOUP1-LIVR5","Vacuum carpets","General",True,False,"CLES1-RESHOUP1-LIVR5"
46,46,"T46","CLES1-RESHOUP1-LIVR5-T46","Cleaning","CLES1","Residential","House","Living Space","RESHOUP1-LIVR5","Clean mirrors","General",True,False,"CLES1-RESHOUP1-LIVR5"
47,47,"T47","CLES1-RESHOUP1-LIVR5-T47","Cleaning","CLES1","Residential","House","Living Space","RESHOUP1-LIVR5","Dust furniture","General",True,False,"CLES1-RESHOUP1-LIVR5"
48,48,"T48","CLES1-RESHOUP1-LIVR5-T48","Cleaning","CLES1","Residential","House","Living Space","RESHOUP1-LIVR5","Clean hallways and staircases","General",True,False,"CLES1-RESHOUP1-LIVR5"
49,49,"T49","CLES1-RESHOUP1-LIVR5-T49","Cleaning","CLES1","Residential","House","Living Space","RESHOUP1-LIVR5","Clean glass on patio door & front door","General",True,False,"CLES1-RESHOUP1-LIVR5"
50,50,"T50","CLES1-RESHOUP1-LIVR5-T50","Cleaning","CLES1","Residential","House","Living Space","RESHOUP1-LIVR5","Empty bins","General",True,False,"CLES1-RESHOUP1-LIVR5"
51,51,"T51","CLES1-RESHOUP1-LIVR5-T51","Cleaning","CLES1","Residential","House","Living Space","RESHOUP1-LIVR5","Clean baseboards","Deep",True,False,"CLES1-RESHOUP1-LIVR5"
52,52,"T52","CLES1-RESHOUP1-LIVR5-T52","Cleaning","CLES1","Residential","House","Living Space","RESHOUP1-LIVR5","Clean under furniture","Deep",True,False,"CLES1-RESHOUP1-LIVR5"
53,53,"T53","CLES1-RESHOUP1-LIVR5-T53","Cleaning","CLES1","Residential","House","Living Space","RESHOUP1-LIVR5","Wipe window sills","Deep",True,False,"CLES1-RESHOUP1-LIVR5"
54,54,"T54","CLES1-RESHOUP1-LIVR5-T54","Cleaning","CLES1","Residential","House","Living Space","RESHOUP1-LIVR5","Clean window frames","Deep",True,False,"CLES1-RESHOUP1-LIVR5"
55,55,"T55","CLES1-RESHOUP1-LIVR5-T55","Cleaning","CLES1","Residential","House","Living Space","RESHOUP1-LIVR5","Wipe door frames","Deep",True,False,"CLES1-RESHOUP1-LIVR5"
56,56,"T56","CLES1-RESHOUP1-LIVR5-T56","Cleaning","CLES1","Residential","House","Living Space","RESHOUP1-LIVR5","Spot clean walls","Deep",True,False,"CLES1-RESHOUP1-LIVR5"
57,57,"T57","CLES1-RESHOUP1-LIVR5-T57","Cleaning","CLES1","Residential","House","Living Space","RESHOUP1-LIVR5","Clean and wipe vents","Deep",True,False,"CLES1-RESHOUP1-LIVR5"
58,58,"T58","CLES1-RESHOUP1-LIVR5-T58","Cleaning","CLES1","Residential","House","Living Space","RESHOUP1-LIVR5","Dusting ceiling","Deep",True,False,"CLES1-RESHOUP1-LIVR5"
59,59,"T59","CLES1-RESHOUP1-LIVR5-T59","Cleaning","CLES1","Residential","House","Living Space","RESHOUP1-LIVR5","Wiping fans","Deep",True,False,"CLES1-RESHOUP1-LIVR5"
60,60,"T60","CLES1-RESHOUP1-OUTR6-T60","Cleaning","CLES1","Residential","House","Outdoor","RESHOUP1-OUTR6","External Window","General",True,False,"CLES1-RESHOUP1-OUTR6"
61,61,"T61","CLES1-RESHOUP1-OUTR6-T61","Cleaning","CLES1","Residential","House","Outdoor","RESHOUP1-OUTR6","Gutter Cleaning","General",True,False,"CLES1-RESHOUP1-OUTR6"
62,62,"T62","CLES1-RESHOUP1-OUTR6-T62","Cleaning","CLES1","Residential","House","Outdoor","RESHOUP1-OUTR6","Snow Removal","General",True,False,"CLES1-RESHOUP1-OUTR6"
64,64,"T64","CLES1-RESHOUP1-OUTR6-T64","Cleaning","CLES1","Residential","House","Outdoor","RESHOUP1-OUTR6","Weeding","General",True,False,"CLES1-RESHOUP1-OUTR6"
65,65,"T65","CLES1-RESHOUP1-DINR7-T65","Cleaning","CLES1","Residential","House","Dining Space","RESHOUP1-DINR7","","",True,False,"CLES1-RESHOUP1-DINR7"
66,66,"T66","CLES1-RESCONP2-KITR8-T66","Cleaning","CLES1","Residential","Condo-Apartment","Kitchen","RESCONP2-KITR8","Dust and wipe table-top surfaces","General",True,False,"CLES1-RESCONP2-KITR8"
67,67,"T67","CLES1-RESCONP2-KITR8-T67","Cleaning","CLES1","Residential","Condo-Apartment","Kitchen","RESCONP2-KITR8","Clean and shine sink","General",True,False,"CLES1-RESCONP2-KITR8"
68,68,"T68","CLES1-RESCONP2-KITR8-T68","Cleaning","CLES1","Residential","Condo-Apartment","Kitchen","RESCONP2-KITR8","Sweep and mop floors","General",True,False,"CLES1-RESCONP2-KITR8"
69,69,"T69","CLES1-RESCONP2-KITR8-T69","Cleaning","CLES1","Residential","Condo-Apartment","Kitchen","RESCONP2-KITR8","Clean and wipe appliances (exterior)","General",True,False,"CLES1-RESCONP2-KITR8"
70,70,"T70","CLES1-RESCONP2-KITR8-T70","Cleaning","CLES1","Residential","Condo-Apartment","Kitchen","RESCONP2-KITR8","Clean stovetop","General",True,False,"CLES1-RESCONP2-KITR8"
71,71,"T71","CLES1-RESCONP2-KITR8-T71","Cleaning","CLES1","Residential","Condo-Apartment","Kitchen","RESCONP2-KITR8","Empty bins","General",True,False,"CLES1-RESCONP2-KITR8"
72,72,"T72","CLES1-RESCONP2-KITR8-T72","Cleaning","CLES1","Residential","Condo-Apartment","Kitchen","RESCONP2-KITR8","Clean microwave interior","Deep",True,False,"CLES1-RESCONP2-KITR8"
73,73,"T73","CLES1-RESCONP2-KITR8-T73","Cleaning","CLES1","Residential","Condo-Apartment","Kitchen","RESCONP2-KITR8","Clean kitchen baseboards","Deep",True,False,"CLES1-RESCONP2-KITR8"
74,74,"T74","CLES1-RESCONP2-KITR8-T74","Cleaning","CLES1","Residential","Condo-Apartment","Kitchen","RESCONP2-KITR8","Wipe and clean backsplash","Deep",True,False,"CLES1-RESCONP2-KITR8"
75,75,"T75","CLES1-RESCONP2-KITR8-T75","Cleaning","CLES1","Residential","Condo-Apartment","Kitchen","RESCONP2-KITR8","Spot clean walls","Deep",True,False,"CLES1-RESCONP2-KITR8"
76,76,"T76","CLES1-RESCONP2-KITR8-T76","Cleaning","CLES1","Residential","Condo-Apartment","Kitchen","RESCONP2-KITR8","Clean behind appliances","Deep",True,False,"CLES1-RESCONP2-KITR8"
77,77,"T77","CLES1-RESCONP2-KITR8-T77","Cleaning","CLES1","Residential","Condo-Apartment","Kitchen","RESCONP2-KITR8","Clean range hood","Deep",True,False,"CLES1-RESCONP2-KITR8"
78,78,"T78","CLES1-RESCONP2-KITR8-T78","Cleaning","CLES1","Residential","Condo-Apartment","Kitchen","RESCONP2-KITR8","Clean and wipe vents","Deep",True,False,"CLES1-RESCONP2-KITR8"
79,79,"T79","CLES1-RESCONP2-KITR8-T79","Cleaning","CLES1","Residential","Condo-Apartment","Kitchen","RESCONP2-KITR8","Dusting ceiling","Deep",True,False,"CLES1-RESCONP2-KITR8"
80,80,"T80","CLES1-RESCONP2-BATR9-T80","Cleaning","CLES1","Residential","Condo-Apartment","Bathroom","RESCONP2-BATR9","Wipe and sanitize all surfaces","General",True,False,"CLES1-RESCONP2-BATR9"
81,81,"T81","CLES1-RESCONP2-BATR9-T81","Cleaning","CLES1","Residential","Condo-Apartment","Bathroom","RESCONP2-BATR9","Clean and shine sink","General",True,False,"CLES1-RESCONP2-BATR9"
82,82,"T82","CLES1-RESCONP2-BATR9-T82","Cleaning","CLES1","Residential","Condo-Apartment","Bathroom","RESCONP2-BATR9","Clean mirrors","General",True,False,"CLES1-RESCONP2-BATR9"
83,83,"T83","CLES1-RESCONP2-BATR9-T83","Cleaning","CLES1","Residential","Condo-Apartment","Bathroom","RESCONP2-BATR9","Clean and sanitize toilets","General",True,False,"CLES1-RESCONP2-BATR9"
84,84,"T84","CLES1-RESCONP2-BATR9-T84","Cleaning","CLES1","Residential","Condo-Apartment","Bathroom","RESCONP2-BATR9","Sweep and mop floors","General",True,False,"CLES1-RESCONP2-BATR9"
85,85,"T85","CLES1-RESCONP2-BATR9-T85","Cleaning","CLES1","Residential","Condo-Apartment","Bathroom","RESCONP2-BATR9","Clean shower faucets","General",True,False,"CLES1-RESCONP2-BATR9"
86,86,"T86","CLES1-RESCONP2-BATR9-T86","Cleaning","CLES1","Residential","Condo-Apartment","Bathroom","RESCONP2-BATR9","Clean and scrub tub","General",True,False,"CLES1-RESCONP2-BATR9"
87,87,"T87","CLES1-RESCONP2-BATR9-T87","Cleaning","CLES1","Residential","Condo-Apartment","Bathroom","RESCONP2-BATR9","Empty bins","General",True,False,"CLES1-RESCONP2-BATR9"
88,88,"T88","CLES1-RESCONP2-BATR9-T88","Cleaning","CLES1","Residential","Condo-Apartment","Bathroom","RESCONP2-BATR9","Clean bathroom baseboards","Deep",True,False,"CLES1-RESCONP2-BATR9"
89,89,"T89","CLES1-RESCONP2-BATR9-T89","Cleaning","CLES1","Residential","Condo-Apartment","Bathroom","RESCONP2-BATR9","Clean doors and cabinet exteriors","Deep",True,False,"CLES1-RESCONP2-BATR9"
90,90,"T90","CLES1-RESCONP2-BEDR10-T90","Cleaning","CLES1","Residential","Condo-Apartment","Bedroom","RESCONP2-BEDR10","Dust and wipe table-top surfaces","General",True,False,"CLES1-RESCONP2-BEDR10"
91,91,"T91","CLES1-RESCONP2-BEDR10-T91","Cleaning","CLES1","Residential","Condo-Apartment","Bedroom","RESCONP2-BEDR10","Sweep and mop floors","General",True,False,"CLES1-RESCONP2-BEDR10"
92,92,"T92","CLES1-RESCONP2-BEDR10-T92","Cleaning","CLES1","Residential","Condo-Apartment","Bedroom","RESCONP2-BEDR10","Vacuum carpets","General",True,False,"CLES1-RESCONP2-BEDR10"
93,93,"T93","CLES1-RESCONP2-BEDR10-T93","Cleaning","CLES1","Residential","Condo-Apartment","Bedroom","RESCONP2-BEDR10","Clean mirrors","General",True,False,"CLES1-RESCONP2-BEDR10"
94,94,"T94","CLES1-RESCONP2-BEDR10-T94","Cleaning","CLES1","Residential","Condo-Apartment","Bedroom","RESCONP2-BEDR10","Dust furniture","General",True,False,"CLES1-RESCONP2-BEDR10"
95,95,"T95","CLES1-RESCONP2-BEDR10-T95","Cleaning","CLES1","Residential","Condo-Apartment","Bedroom","RESCONP2-BEDR10","Clean hallways and staircases","General",True,False,"CLES1-RESCONP2-BEDR10"
96,96,"T96","CLES1-RESCONP2-BEDR10-T96","Cleaning","CLES1","Residential","Condo-Apartment","Bedroom","RESCONP2-BEDR10","Clean glass on patio door & front door","General",True,False,"CLES1-RESCONP2-BEDR10"
97,97,"T97","CLES1-RESCONP2-BEDR10-T97","Cleaning","CLES1","Residential","Condo-Apartment","Bedroom","RESCONP2-BEDR10","Empty bins","General",True,False,"CLES1-RESCONP2-BEDR10"
98,98,"T98","CLES1-RESCONP2-BEDR10-T98","Cleaning","CLES1","Residential","Condo-Apartment","Bedroom","RESCONP2-BEDR10","Clean baseboards","Deep",True,False,"CLES1-RESCONP2-BEDR10"
99,99,"T99","CLES1-RESCONP2-BEDR10-T99","Cleaning","CLES1","Residential","Condo-Apartment","Bedroom","RESCONP2-BEDR10","Clean under furniture","Deep",True,False,"CLES1-RESCONP2-BEDR10"
100,100,"T100","CLES1-RESCONP2-BEDR10-T100","Cleaning","CLES1","Residential","Condo-Apartment","Bedroom","RESCONP2-BEDR10","Wipe window sills","Deep",True,False,"CLES1-RESCONP2-BEDR10"
101,101,"T101","CLES1-RESCONP2-BEDR10-T101","Cleaning","CLES1","Residential","Condo-Apartment","Bedroom","RESCONP2-BEDR10","Clean window frames","Deep",True,False,"CLES1-RESCONP2-BEDR10"
102,102,"T102","CLES1-RESCONP2-BEDR10-T102","Cleaning","CLES1","Residential","Condo-Apartment","Bedroom","RESCONP2-BEDR10","Wipe door frames","Deep",True,False,"CLES1-RESCONP2-BEDR10"
103,103,"T103","CLES1-RESCONP2-BEDR10-T103","Cleaning","CLES1","Residential","Condo-Apartment","Bedroom","RESCONP2-BEDR10","Spot clean walls","Deep",True,False,"CLES1-RESCONP2-BEDR10"
104,104,"T104","CLES1-RESCONP2-BEDR10-T104","Cleaning","CLES1","Residential","Condo-Apartment","Bedroom","RESCONP2-BEDR10","Clean and wipe vents","Deep",True,False,"CLES1-RESCONP2-BEDR10"
105,105,"T105","CLES1-RESCONP2-BEDR10-T105","Cleaning","CLES1","Residential","Condo-Apartment","Bedroom","RESCONP2-BEDR10","Dusting ceiling","Deep",True,False,"CLES1-RESCONP2-BEDR10"
106,106,"T106","CLES1-RESCONP2-BEDR10-T106","Cleaning","CLES1","Residential","Condo-Apartment","Bedroom","RESCONP2-BEDR10","Wiping fans","Deep",True,False,"CLES1-RESCONP2-BEDR10"
107,107,"T107","CLES1-RESCONP2-LIVR12-T107","Cleaning","CLES1","Residential","Condo-Apartment","Living Space","RESCONP2-LIVR12","Dust and wipe table-top surfaces","General",True,False,"CLES1-RESCONP2-LIVR12"
108,108,"T108","CLES1-RESCONP2-LIVR12-T108","Cleaning","CLES1","Residential","Condo-Apartment","Living Space","RESCONP2-LIVR12","Sweep and mop floors","General",True,False,"CLES1-RESCONP2-LIVR12"
109,109,"T109","CLES1-RESCONP2-LIVR12-T109","Cleaning","CLES1","Residential","Condo-Apartment","Living Space","RESCONP2-LIVR12","Vacuum carpets","General",True,False,"CLES1-RESCONP2-LIVR12"
110,110,"T110","CLES1-RESCONP2-LIVR12-T110","Cleaning","CLES1","Residential","Condo-Apartment","Living Space","RESCONP2-LIVR12","Clean mirrors","General",True,False,"CLES1-RESCONP2-LIVR12"
111,111,"T111","CLES1-RESCONP2-LIVR12-T111","Cleaning","CLES1","Residential","Condo-Apartment","Living Space","RESCONP2-LIVR12","Dust furniture","General",True,False,"CLES1-RESCONP2-LIVR12"
112,112,"T112","CLES1-RESCONP2-LIVR12-T112","Cleaning","CLES1","Residential","Condo-Apartment","Living Space","RESCONP2-LIVR12","Clean hallways and staircases","General",True,False,"CLES1-RESCONP2-LIVR12"
113,113,"T113","CLES1-RESCONP2-LIVR12-T113","Cleaning","CLES1","Residential","Condo-Apartment","Living Space","RESCONP2-LIVR12","Clean glass on patio door & front door","General",True,False,"CLES1-RESCONP2-LIVR12"
114,114,"T114","CLES1-RESCONP2-LIVR12-T114","Cleaning","CLES1","Residential","Condo-Apartment","Living Space","RESCONP2-LIVR12","Empty bins","General",True,False,"CLES1-RESCONP2-LIVR12"
115,115,"T115","CLES1-RESCONP2-LIVR12-T115","Cleaning","CLES1","Residential","Condo-Apartment","Living Space","RESCONP2-LIVR12","Clean baseboards","Deep",True,False,"CLES1-RESCONP2-LIVR12"
116,116,"T116","CLES1-RESCONP2-LIVR12-T116","Cleaning","CLES1","Residential","Condo-Apartment","Living Space","RESCONP2-LIVR12","Clean under furniture","Deep",True,False,"CLES1-RESCONP2-LIVR12"
117,117,"T117","CLES1-RESCONP2-LIVR12-T117","Cleaning","CLES1","Residential","Condo-Apartment","Living Space","RESCONP2-LIVR12","Wipe window sills","Deep",True,False,"CLES1-RESCONP2-LIVR12"
118,118,"T118","CLES1-RESCONP2-LIVR12-T118","Cleaning","CLES1","Residential","Condo-Apartment","Living Space","RESCONP2-LIVR12","Clean window frames","Deep",True,False,"CLES1-RESCONP2-LIVR12"
119,119,"T119","CLES1-RESCONP2-LIVR12-T119","Cleaning","CLES1","Residential","Condo-Apartment","Living Space","RESCONP2-LIVR12","Wipe door frames","Deep",True,False,"CLES1-RESCONP2-LIVR12"
120,120,"T120","CLES1-RESCONP2-LIVR12-T120","Cleaning","CLES1","Residential","Condo-Apartment","Living Space","RESCONP2-LIVR12","Spot clean walls","Deep",True,False,"CLES1-RESCONP2-LIVR12"
121,121,"T121","CLES1-RESCONP2-LIVR12-T121","Cleaning","CLES1","Residential","Condo-Apartment","Living Space","RESCONP2-LIVR12","Clean and wipe vents","Deep",True,False,"CLES1-RESCONP2-LIVR12"
122,122,"T122","CLES1-RESCONP2-LIVR12-T122","Cleaning","CLES1","Residential","Condo-Apartment","Living Space","RESCONP2-LIVR12","Dusting ceiling","Deep",True,False,"CLES1-RESCONP2-LIVR12"
123,123,"T123","CLES1-RESCONP2-LIVR12-T123","Cleaning","CLES1","Residential","Condo-Apartment","Living Space","RESCONP2-LIVR12","Wiping fans","Deep",True,False,"CLES1-RESCONP2-LIVR12"
124,124,"T124","CLES1-RESCONP2-DINR11-T124","Cleaning","CLES1","Residential","Condo-Apartment","Dining Space","RESCONP2-DINR11","","",True,False,"CLES1-RESCONP2-DINR11"
125,125,"T125","CLES1-RESCONP2-STOR13-T125","Cleaning","CLES1","Residential","Condo-Apartment","Storage Locker","RESCONP2-STOR13","","",True,False,"CLES1-RESCONP2-STOR13"
126,126,"T126","CLES1-COMRESP3-KITR14-T126","Cleaning","CLES1","Commercial","Restaurant","Kitchen","COMRESP3-KITR14","","",True,False,"CLES1-COMRESP3-KITR14"
127,127,"T127","CLES1-COMRESP3-DINR15-T127","Cleaning","CLES1","Commercial","Restaurant","Dining Space","COMRESP3-DINR15","","",True,False,"CLES1-COMRESP3-DINR15"
128,128,"T128","CLES1-COMRESP3-BATR16-T128","Cleaning","CLES1","Commercial","Restaurant","Bathroom","COMRESP3-BATR16","","",True,False,"CLES1-COMRESP3-BATR16"
129,129,"T129","CLES1-COMRESP3-LANR17-T129","Cleaning","CLES1","Commercial","Restaurant","Landscape","COMRESP3-LANR17","","",True,False,"CLES1-COMRESP3-LANR17"
130,130,"T130","CLES1-COMRESP3-PARR18-T130","Cleaning","CLES1","Commercial","Restaurant","Parking Lot","COMRESP3-PARR18","","",True,False,"CLES1-COMRESP3-PARR18"
131,131,"T131","CLES1-COMOFFP4-KITR19-T131","Cleaning","CLES1","Commercial","Office","Kitchen","COMOFFP4-KITR19","","",True,False,"CLES1-COMOFFP4-KITR19"
132,132,"T132","CLES1-COMOFFP4-BATR20-T132","Cleaning","CLES1","Commercial","Office","Bathroom","COMOFFP4-BATR20","","",True,False,"CLES1-COMOFFP4-BATR20"
133,133,"T133","CLES1-COMOFFP4-LANR21-T133","Cleaning","CLES1","Commercial","Office","Landscape","COMOFFP4-LANR21","","",True,False,"CLES1-COMOFFP4-LANR21"
134,134,"T134","CLES1-COMOFFP4-PARR22-T134","Cleaning","CLES1","Commercial","Office","Parking Lot","COMOFFP4-PARR22","","",True,False,"CLES1-COMOFFP4-PARR22"
135,135,"T135","CLES1-COMOFFP4-LOBR23-T135","Cleaning","CLES1","Commercial","Office","Lobby","COMOFFP4-LOBR23","","",True,False,"CLES1-COMOFFP4-LOBR23"
136,136,"T136","CLES1-COMOFFP4-BRER48-T136","Cleaning","CLES1","Commercial","Office","Breakroom","COMOFFP4-BRER48","","",True,False,"CLES1-COMOFFP4-BRER48"
137,137,"T137","CLES1-COMOFFP4-WORR49-T137","Cleaning","CLES1","Commercial","Office","Work Stations","COMOFFP4-WORR49","","",True,False,"CLES1-COMOFFP4-WORR49"
138,138,"T138","CLES1-COMEVEP5-KITR24-T138","Cleaning","CLES1","Commercial","Event","Kitchen","COMEVEP5-KITR24","","",True,False,"CLES1-COMEVEP5-KITR24"
139,139,"T139","CLES1-COMEVEP5-DINR25-T139","Cleaning","CLES1","Commercial","Event","Dining Space","COMEVEP5-DINR25","","",True,False,"CLES1-COMEVEP5-DINR25"
140,140,"T140","CLES1-COMEVEP5-BATR26-T140","Cleaning","CLES1","Commercial","Event","Bathroom","COMEVEP5-BATR26","","",True,False,"CLES1-COMEVEP5-BATR26"
141,141,"T141","CLES1-COMEVEP5-LANR27-T141","Cleaning","CLES1","Commercial","Event","Landscape","COMEVEP5-LANR27","","",True,False,"CLES1-COMEVEP5-LANR27"
142,142,"T142","CLES1-COMEVEP5-PARR28-T142","Cleaning","CLES1","Commercial","Event","Parking Lot","COMEVEP5-PARR28","","",True,False,"CLES1-COMEVEP5-PARR28"
143,143,"T143","CLES1-COMWARP6-BATR29-T143","Cleaning","CLES1","Commercial","Warehouse","Bathroom","COMWARP6-BATR29","","",True,False,"CLES1-COMWARP6-BATR29"
144,144,"T144","CLES1-COMWARP6-KITR30-T144","Cleaning","CLES1","Commercial","Warehouse","Kitchen","COMWARP6-KITR30","","",True,False,"CLES1-COMWARP6-KITR30"
145,145,"T145","CLES1-COMWARP6-BRER31-T145","Cleaning","CLES1","Commercial","Warehouse","Breakroom","COMWARP6-BRER31","","",True,False,"CLES1-COMWARP6-BRER31"
146,146,"T146","CLES1-COMPROP7-BATR32-T146","Cleaning","CLES1","Commercial","Production Site","Bathroom","COMPROP7-BATR32","","",True,False,"CLES1-COMPROP7-BATR32"
147,147,"T147","CLES1-COMPROP7-KITR33-T147","Cleaning","CLES1","Commercial","Production Site","Kitchen","COMPROP7-KITR33","","",True,False,"CLES1-COMPROP7-KITR33"
148,148,"T148","CLES1-COMPROP7-BRER34-T148","Cleaning","CLES1","Commercial","Production Site","Breakroom","COMPROP7-BRER34","","",True,False,"CLES1-COMPROP7-BRER34"
149,149,"T149","CLES1-AIRHOUP8-DINR35-T149","Cleaning","CLES1","AirBnb","House","Dining Space","AIRHOUP8-DINR35","","",True,False,"CLES1-AIRHOUP8-DINR35"
150,150,"T150","CLES1-AIRHOUP8-KITR36-T150","Cleaning","CLES1","AirBnb","House","Kitchen","AIRHOUP8-KITR36","Dust and wipe table-top surfaces","General",True,False,"CLES1-AIRHOUP8-KITR36"
151,151,"T151","CLES1-AIRHOUP8-KITR36-T151","Cleaning","CLES1","AirBnb","House","Kitchen","AIRHOUP8-KITR36","Clean and shine sink","General",True,False,"CLES1-AIRHOUP8-KITR36"
152,152,"T152","CLES1-AIRHOUP8-KITR36-T152","Cleaning","CLES1","AirBnb","House","Kitchen","AIRHOUP8-KITR36","Sweep and mop floors","General",True,False,"CLES1-AIRHOUP8-KITR36"
153,153,"T153","CLES1-AIRHOUP8-KITR36-T153","Cleaning","CLES1","AirBnb","House","Kitchen","AIRHOUP8-KITR36","Clean and wipe appliances (exterior)","General",True,False,"CLES1-AIRHOUP8-KITR36"
154,154,"T154","CLES1-AIRHOUP8-KITR36-T154","Cleaning","CLES1","AirBnb","House","Kitchen","AIRHOUP8-KITR36","Clean stovetop","General",True,False,"CLES1-AIRHOUP8-KITR36"
155,155,"T155","CLES1-AIRHOUP8-KITR36-T155","Cleaning","CLES1","AirBnb","House","Kitchen","AIRHOUP8-KITR36","Empty bins","General",True,False,"CLES1-AIRHOUP8-KITR36"
156,156,"T156","CLES1-AIRHOUP8-KITR36-T156","Cleaning","CLES1","AirBnb","House","Kitchen","AIRHOUP8-KITR36","Clean microwave interior","Deep",True,False,"CLES1-AIRHOUP8-KITR36"
157,157,"T157","CLES1-AIRHOUP8-KITR36-T157","Cleaning","CLES1","AirBnb","House","Kitchen","AIRHOUP8-KITR36","Clean kitchen baseboards","Deep",True,False,"CLES1-AIRHOUP8-KITR36"
158,158,"T158","CLES1-AIRHOUP8-KITR36-T158","Cleaning","CLES1","AirBnb","House","Kitchen","AIRHOUP8-KITR36","Wipe and clean backsplash","Deep",True,False,"CLES1-AIRHOUP8-KITR36"
159,159,"T159","CLES1-AIRHOUP8-KITR36-T159","Cleaning","CLES1","AirBnb","House","Kitchen","AIRHOUP8-KITR36","Spot clean walls","Deep",True,False,"CLES1-AIRHOUP8-KITR36"
160,160,"T160","CLES1-AIRHOUP8-KITR36-T160","Cleaning","CLES1","AirBnb","House","Kitchen","AIRHOUP8-KITR36","Clean behind appliances","Deep",True,False,"CLES1-AIRHOUP8-KITR36"
161,161,"T161","CLES1-AIRHOUP8-KITR36-T161","Cleaning","CLES1","AirBnb","House","Kitchen","AIRHOUP8-KITR36","Clean range hood","Deep",True,False,"CLES1-AIRHOUP8-KITR36"
162,162,"T162","CLES1-AIRHOUP8-KITR36-T162","Cleaning","CLES1","AirBnb","House","Kitchen","AIRHOUP8-KITR36","Clean and wipe vents","Deep",True,False,"CLES1-AIRHOUP8-KITR36"
163,163,"T163","CLES1-AIRHOUP8-KITR36-T163","Cleaning","CLES1","AirBnb","House","Kitchen","AIRHOUP8-KITR36","Dusting ceiling","Deep",True,False,"CLES1-AIRHOUP8-KITR36"
164,164,"T164","CLES1-AIRHOUP8-BATR37-T164","Cleaning","CLES1","AirBnb","House","Bathroom","AIRHOUP8-BATR37","Wipe and sanitize all surfaces","General",True,False,"CLES1-AIRHOUP8-BATR37"
165,165,"T165","CLES1-AIRHOUP8-BATR37-T165","Cleaning","CLES1","AirBnb","House","Bathroom","AIRHOUP8-BATR37","Clean and shine sink","General",True,False,"CLES1-AIRHOUP8-BATR37"
166,166,"T166","CLES1-AIRHOUP8-BATR37-T166","Cleaning","CLES1","AirBnb","House","Bathroom","AIRHOUP8-BATR37","Clean mirrors","General",True,False,"CLES1-AIRHOUP8-BATR37"
167,167,"T167","CLES1-AIRHOUP8-BATR37-T167","Cleaning","CLES1","AirBnb","House","Bathroom","AIRHOUP8-BATR37","Clean and sanitize toilets","General",True,False,"CLES1-AIRHOUP8-BATR37"
168,168,"T168","CLES1-AIRHOUP8-BATR37-T168","Cleaning","CLES1","AirBnb","House","Bathroom","AIRHOUP8-BATR37","Sweep and mop floors","General",True,False,"CLES1-AIRHOUP8-BATR37"
169,169,"T169","CLES1-AIRHOUP8-BATR37-T169","Cleaning","CLES1","AirBnb","House","Bathroom","AIRHOUP8-BATR37","Clean shower faucets","General",True,False,"CLES1-AIRHOUP8-BATR37"
170,170,"T170","CLES1-AIRHOUP8-BATR37-T170","Cleaning","CLES1","AirBnb","House","Bathroom","AIRHOUP8-BATR37","Clean and scrub tub","General",True,False,"CLES1-AIRHOUP8-BATR37"
171,171,"T171","CLES1-AIRHOUP8-BATR37-T171","Cleaning","CLES1","AirBnb","House","Bathroom","AIRHOUP8-BATR37","Empty bins","General",True,False,"CLES1-AIRHOUP8-BATR37"
172,172,"T172","CLES1-AIRHOUP8-BATR37-T172","Cleaning","CLES1","AirBnb","House","Bathroom","AIRHOUP8-BATR37","Clean bathroom baseboards","Deep",True,False,"CLES1-AIRHOUP8-BATR37"
173,173,"T173","CLES1-AIRHOUP8-BATR37-T173","Cleaning","CLES1","AirBnb","House","Bathroom","AIRHOUP8-BATR37","Clean doors and cabinet exteriors","Deep",True,False,"CLES1-AIRHOUP8-BATR37"
174,174,"T174","CLES1-AIRHOUP8-BEDR38-T174","Cleaning","CLES1","AirBnb","House","Bedroom","AIRHOUP8-BEDR38","Dust and wipe table-top surfaces","General",True,False,"CLES1-AIRHOUP8-BEDR38"
175,175,"T175","CLES1-AIRHOUP8-BEDR38-T175","Cleaning","CLES1","AirBnb","House","Bedroom","AIRHOUP8-BEDR38","Sweep and mop floors","General",True,False,"CLES1-AIRHOUP8-BEDR38"
176,176,"T176","CLES1-AIRHOUP8-BEDR38-T176","Cleaning","CLES1","AirBnb","House","Bedroom","AIRHOUP8-BEDR38","Vacuum carpets","General",True,False,"CLES1-AIRHOUP8-BEDR38"
177,177,"T177","CLES1-AIRHOUP8-BEDR38-T177","Cleaning","CLES1","AirBnb","House","Bedroom","AIRHOUP8-BEDR38","Clean mirrors","General",True,False,"CLES1-AIRHOUP8-BEDR38"
178,178,"T178","CLES1-AIRHOUP8-BEDR38-T178","Cleaning","CLES1","AirBnb","House","Bedroom","AIRHOUP8-BEDR38","Dust furniture","General",True,False,"CLES1-AIRHOUP8-BEDR38"
179,179,"T179","CLES1-AIRHOUP8-BEDR38-T179","Cleaning","CLES1","AirBnb","House","Bedroom","AIRHOUP8-BEDR38","Clean hallways and staircases","General",True,False,"CLES1-AIRHOUP8-BEDR38"
180,180,"T180","CLES1-AIRHOUP8-BEDR38-T180","Cleaning","CLES1","AirBnb","House","Bedroom","AIRHOUP8-BEDR38","Clean glass on patio door & front door","General",True,False,"CLES1-AIRHOUP8-BEDR38"
181,181,"T181","CLES1-AIRHOUP8-BEDR38-T181","Cleaning","CLES1","AirBnb","House","Bedroom","AIRHOUP8-BEDR38","Empty bins","General",True,False,"CLES1-AIRHOUP8-BEDR38"
182,182,"T182","CLES1-AIRHOUP8-BEDR38-T182","Cleaning","CLES1","AirBnb","House","Bedroom","AIRHOUP8-BEDR38","Clean baseboards","Deep",True,False,"CLES1-AIRHOUP8-BEDR38"
183,183,"T183","CLES1-AIRHOUP8-BEDR38-T183","Cleaning","CLES1","AirBnb","House","Bedroom","AIRHOUP8-BEDR38","Clean under furniture","Deep",True,False,"CLES1-AIRHOUP8-BEDR38"
184,184,"T184","CLES1-AIRHOUP8-BEDR38-T184","Cleaning","CLES1","AirBnb","House","Bedroom","AIRHOUP8-BEDR38","Wipe window sills","Deep",True,False,"CLES1-AIRHOUP8-BEDR38"
185,185,"T185","CLES1-AIRHOUP8-BEDR38-T185","Cleaning","CLES1","AirBnb","House","Bedroom","AIRHOUP8-BEDR38","Clean window frames","Deep",True,False,"CLES1-AIRHOUP8-BEDR38"
186,186,"T186","CLES1-AIRHOUP8-BEDR38-T186","Cleaning","CLES1","AirBnb","House","Bedroom","AIRHOUP8-BEDR38","Wipe door frames","Deep",True,False,"CLES1-AIRHOUP8-BEDR38"
187,187,"T187","CLES1-AIRHOUP8-BEDR38-T187","Cleaning","CLES1","AirBnb","House","Bedroom","AIRHOUP8-BEDR38","Spot clean walls","Deep",True,False,"CLES1-AIRHOUP8-BEDR38"
188,188,"T188","CLES1-AIRHOUP8-BEDR38-T188","Cleaning","CLES1","AirBnb","House","Bedroom","AIRHOUP8-BEDR38","Clean and wipe vents","Deep",True,False,"CLES1-AIRHOUP8-BEDR38"
189,189,"T189","CLES1-AIRHOUP8-BEDR38-T189","Cleaning","CLES1","AirBnb","House","Bedroom","AIRHOUP8-BEDR38","Dusting ceiling","Deep",True,False,"CLES1-AIRHOUP8-BEDR38"
190,190,"T190","CLES1-AIRHOUP8-BEDR38-T190","Cleaning","CLES1","AirBnb","House","Bedroom","AIRHOUP8-BEDR38","Wiping fans","Deep",True,False,"CLES1-AIRHOUP8-BEDR38"
191,191,"T191","CLES1-AIRHOUP8-LIVR39-T191","Cleaning","CLES1","AirBnb","House","Living Space","AIRHOUP8-LIVR39","Dust and wipe table-top surfaces","General",True,False,"CLES1-AIRHOUP8-LIVR39"
192,192,"T192","CLES1-AIRHOUP8-LIVR39-T192","Cleaning","CLES1","AirBnb","House","Living Space","AIRHOUP8-LIVR39","Sweep and mop floors","General",True,False,"CLES1-AIRHOUP8-LIVR39"
193,193,"T193","CLES1-AIRHOUP8-LIVR39-T193","Cleaning","CLES1","AirBnb","House","Living Space","AIRHOUP8-LIVR39","Vacuum carpets","General",True,False,"CLES1-AIRHOUP8-LIVR39"
194,194,"T194","CLES1-AIRHOUP8-LIVR39-T194","Cleaning","CLES1","AirBnb","House","Living Space","AIRHOUP8-LIVR39","Clean mirrors","General",True,False,"CLES1-AIRHOUP8-LIVR39"
195,195,"T195","CLES1-AIRHOUP8-LIVR39-T195","Cleaning","CLES1","AirBnb","House","Living Space","AIRHOUP8-LIVR39","Dust furniture","General",True,False,"CLES1-AIRHOUP8-LIVR39"
196,196,"T196","CLES1-AIRHOUP8-LIVR39-T196","Cleaning","CLES1","AirBnb","House","Living Space","AIRHOUP8-LIVR39","Clean hallways and staircases","General",True,False,"CLES1-AIRHOUP8-LIVR39"
197,197,"T197","CLES1-AIRHOUP8-LIVR39-T197","Cleaning","CLES1","AirBnb","House","Living Space","AIRHOUP8-LIVR39","Clean glass on patio door & front door","General",True,False,"CLES1-AIRHOUP8-LIVR39"
198,198,"T198","CLES1-AIRHOUP8-LIVR39-T198","Cleaning","CLES1","AirBnb","House","Living Space","AIRHOUP8-LIVR39","Empty bins","General",True,False,"CLES1-AIRHOUP8-LIVR39"
199,199,"T199","CLES1-AIRHOUP8-LIVR39-T199","Cleaning","CLES1","AirBnb","House","Living Space","AIRHOUP8-LIVR39","Clean baseboards","Deep",True,False,"CLES1-AIRHOUP8-LIVR39"
200,200,"T200","CLES1-AIRHOUP8-LIVR39-T200","Cleaning","CLES1","AirBnb","House","Living Space","AIRHOUP8-LIVR39","Clean under furniture","Deep",True,False,"CLES1-AIRHOUP8-LIVR39"
201,201,"T201","CLES1-AIRHOUP8-LIVR39-T201","Cleaning","CLES1","AirBnb","House","Living Space","AIRHOUP8-LIVR39","Wipe window sills","Deep",True,False,"CLES1-AIRHOUP8-LIVR39"
202,202,"T202","CLES1-AIRHOUP8-LIVR39-T202","Cleaning","CLES1","AirBnb","House","Living Space","AIRHOUP8-LIVR39","Clean window frames","Deep",True,False,"CLES1-AIRHOUP8-LIVR39"
203,203,"T203","CLES1-AIRHOUP8-LIVR39-T203","Cleaning","CLES1","AirBnb","House","Living Space","AIRHOUP8-LIVR39","Wipe door frames","Deep",True,False,"CLES1-AIRHOUP8-LIVR39"
204,204,"T204","CLES1-AIRHOUP8-LIVR39-T204","Cleaning","CLES1","AirBnb","House","Living Space","AIRHOUP8-LIVR39","Spot clean walls","Deep",True,False,"CLES1-AIRHOUP8-LIVR39"
205,205,"T205","CLES1-AIRHOUP8-LIVR39-T205","Cleaning","CLES1","AirBnb","House","Living Space","AIRHOUP8-LIVR39","Clean and wipe vents","Deep",True,False,"CLES1-AIRHOUP8-LIVR39"
206,206,"T206","CLES1-AIRHOUP8-LIVR39-T206","Cleaning","CLES1","AirBnb","House","Living Space","AIRHOUP8-LIVR39","Dusting ceiling","Deep",True,False,"CLES1-AIRHOUP8-LIVR39"
207,207,"T207","CLES1-AIRHOUP8-LIVR39-T207","Cleaning","CLES1","AirBnb","House","Living Space","AIRHOUP8-LIVR39","Wiping fans","Deep",True,False,"CLES1-AIRHOUP8-LIVR39"
208,208,"T208","CLES1-AIRHOUP8-OUTR40-T208","Cleaning","CLES1","AirBnb","House","Outdoor","AIRHOUP8-OUTR40","External Window","",True,False,"CLES1-AIRHOUP8-OUTR40"
209,209,"T209","CLES1-AIRHOUP8-OUTR40-T209","Cleaning","CLES1","AirBnb","House","Outdoor","AIRHOUP8-OUTR40","Gutter Cleaning","",True,False,"CLES1-AIRHOUP8-OUTR40"
210,210,"T210","CLES1-AIRHOUP8-OUTR40-T210","Cleaning","CLES1","AirBnb","House","Outdoor","AIRHOUP8-OUTR40","Snow Removal","",True,False,"CLES1-AIRHOUP8-OUTR40"
211,211,"T211","CLES1-AIRHOUP8-OUTR40-T211","Cleaning","CLES1","AirBnb","House","Outdoor","AIRHOUP8-OUTR40","Salting","",True,False,"CLES1-AIRHOUP8-OUTR40"
212,212,"T212","CLES1-AIRHOUP8-OUTR40-T212","Cleaning","CLES1","AirBnb","House","Outdoor","AIRHOUP8-OUTR40","Weeding","",True,False,"CLES1-AIRHOUP8-OUTR40"
214,214,"T214","CLES1-AIRCONP9-DINR42-T214","Cleaning","CLES1","AirBnb","Condo-Apartment","Dining Space","AIRCONP9-DINR42","","",True,False,"CLES1-AIRCONP9-DINR42"
215,215,"T215","CLES1-AIRCONP9-KITR43-T215","Cleaning","CLES1","AirBnb","Condo-Apartment","Kitchen","AIRCONP9-KITR43","Dust and wipe table-top surfaces","General",True,False,"CLES1-AIRCONP9-KITR43"
216,216,"T216","CLES1-AIRCONP9-KITR43-T216","Cleaning","CLES1","AirBnb","Condo-Apartment","Kitchen","AIRCONP9-KITR43","Clean and shine sink","General",True,False,"CLES1-AIRCONP9-KITR43"
217,217,"T217","CLES1-AIRCONP9-KITR43-T217","Cleaning","CLES1","AirBnb","Condo-Apartment","Kitchen","AIRCONP9-KITR43","Sweep and mop floors","General",True,False,"CLES1-AIRCONP9-KITR43"
218,218,"T218","CLES1-AIRCONP9-KITR43-T218","Cleaning","CLES1","AirBnb","Condo-Apartment","Kitchen","AIRCONP9-KITR43","Clean and wipe appliances (exterior)","General",True,False,"CLES1-AIRCONP9-KITR43"
219,219,"T219","CLES1-AIRCONP9-KITR43-T219","Cleaning","CLES1","AirBnb","Condo-Apartment","Kitchen","AIRCONP9-KITR43","Clean stovetop","General",True,False,"CLES1-AIRCONP9-KITR43"
220,220,"T220","CLES1-AIRCONP9-KITR43-T220","Cleaning","CLES1","AirBnb","Condo-Apartment","Kitchen","AIRCONP9-KITR43","Empty bins","General",True,False,"CLES1-AIRCONP9-KITR43"
221,221,"T221","CLES1-AIRCONP9-KITR43-T221","Cleaning","CLES1","AirBnb","Condo-Apartment","Kitchen","AIRCONP9-KITR43","Clean microwave interior","Deep",True,False,"CLES1-AIRCONP9-KITR43"
222,222,"T222","CLES1-AIRCONP9-KITR43-T222","Cleaning","CLES1","AirBnb","Condo-Apartment","Kitchen","AIRCONP9-KITR43","Clean kitchen baseboards","Deep",True,False,"CLES1-AIRCONP9-KITR43"
223,223,"T223","CLES1-AIRCONP9-KITR43-T223","Cleaning","CLES1","AirBnb","Condo-Apartment","Kitchen","AIRCONP9-KITR43","Wipe and clean backsplash","Deep",True,False,"CLES1-AIRCONP9-KITR43"
224,224,"T224","CLES1-AIRCONP9-KITR43-T224","Cleaning","CLES1","AirBnb","Condo-Apartment","Kitchen","AIRCONP9-KITR43","Spot clean walls","Deep",True,False,"CLES1-AIRCONP9-KITR43"
225,225,"T225","CLES1-AIRCONP9-KITR43-T225","Cleaning","CLES1","AirBnb","Condo-Apartment","Kitchen","AIRCONP9-KITR43","Clean behind appliances","Deep",True,False,"CLES1-AIRCONP9-KITR43"
226,226,"T226","CLES1-AIRCONP9-KITR43-T226","Cleaning","CLES1","AirBnb","Condo-Apartment","Kitchen","AIRCONP9-KITR43","Clean range hood","Deep",True,False,"CLES1-AIRCONP9-KITR43"
227,227,"T227","CLES1-AIRCONP9-KITR43-T227","Cleaning","CLES1","AirBnb","Condo-Apartment","Kitchen","AIRCONP9-KITR43","Clean and wipe vents","Deep",True,False,"CLES1-AIRCONP9-KITR43"
228,228,"T228","CLES1-AIRCONP9-KITR43-T228","Cleaning","CLES1","AirBnb","Condo-Apartment","Kitchen","AIRCONP9-KITR43","Dusting ceiling","Deep",True,False,"CLES1-AIRCONP9-KITR43"
229,229,"T229","CLES1-AIRCONP9-BATR44-T229","Cleaning","CLES1","AirBnb","Condo-Apartment","Bathroom","AIRCONP9-BATR44","Wipe and sanitize all surfaces","General",True,False,"CLES1-AIRCONP9-BATR44"
230,230,"T230","CLES1-AIRCONP9-BATR44-T230","Cleaning","CLES1","AirBnb","Condo-Apartment","Bathroom","AIRCONP9-BATR44","Clean and shine sink","General",True,False,"CLES1-AIRCONP9-BATR44"
231,231,"T231","CLES1-AIRCONP9-BATR44-T231","Cleaning","CLES1","AirBnb","Condo-Apartment","Bathroom","AIRCONP9-BATR44","Clean mirrors","General",True,False,"CLES1-AIRCONP9-BATR44"
232,232,"T232","CLES1-AIRCONP9-BATR44-T232","Cleaning","CLES1","AirBnb","Condo-Apartment","Bathroom","AIRCONP9-BATR44","Clean and sanitize toilets","General",True,False,"CLES1-AIRCONP9-BATR44"
233,233,"T233","CLES1-AIRCONP9-BATR44-T233","Cleaning","CLES1","AirBnb","Condo-Apartment","Bathroom","AIRCONP9-BATR44","Sweep and mop floors","General",True,False,"CLES1-AIRCONP9-BATR44"
234,234,"T234","CLES1-AIRCONP9-BATR44-T234","Cleaning","CLES1","AirBnb","Condo-Apartment","Bathroom","AIRCONP9-BATR44","Clean shower faucets","General",True,False,"CLES1-AIRCONP9-BATR44"
235,235,"T235","CLES1-AIRCONP9-BATR44-T235","Cleaning","CLES1","AirBnb","Condo-Apartment","Bathroom","AIRCONP9-BATR44","Clean and scrub tub","General",True,False,"CLES1-AIRCONP9-BATR44"
236,236,"T236","CLES1-AIRCONP9-BATR44-T236","Cleaning","CLES1","AirBnb","Condo-Apartment","Bathroom","AIRCONP9-BATR44","Empty bins","General",True,False,"CLES1-AIRCONP9-BATR44"
237,237,"T237","CLES1-AIRCONP9-BATR44-T237","Cleaning","CLES1","AirBnb","Condo-Apartment","Bathroom","AIRCONP9-BATR44","Clean bathroom baseboards","Deep",True,False,"CLES1-AIRCONP9-BATR44"
238,238,"T238","CLES1-AIRCONP9-BATR44-T238","Cleaning","CLES1","AirBnb","Condo-Apartment","Bathroom","AIRCONP9-BATR44","Clean doors and cabinet exteriors","Deep",True,False,"CLES1-AIRCONP9-BATR44"
239,239,"T239","CLES1-AIRCONP9-BEDR45-T239","Cleaning","CLES1","AirBnb","Condo-Apartment","Bedroom","AIRCONP9-BEDR45","Dust and wipe table-top surfaces","General",True,False,"CLES1-AIRCONP9-BEDR45"
240,240,"T240","CLES1-AIRCONP9-BEDR45-T240","Cleaning","CLES1","AirBnb","Condo-Apartment","Bedroom","AIRCONP9-BEDR45","Sweep and mop floors","General",True,False,"CLES1-AIRCONP9-BEDR45"
241,241,"T241","CLES1-AIRCONP9-BEDR45-T241","Cleaning","CLES1","AirBnb","Condo-Apartment","Bedroom","AIRCONP9-BEDR45","Vacuum carpets","General",True,False,"CLES1-AIRCONP9-BEDR45"
242,242,"T242","CLES1-AIRCONP9-BEDR45-T242","Cleaning","CLES1","AirBnb","Condo-Apartment","Bedroom","AIRCONP9-BEDR45","Clean mirrors","General",True,False,"CLES1-AIRCONP9-BEDR45"
243,243,"T243","CLES1-AIRCONP9-BEDR45-T243","Cleaning","CLES1","AirBnb","Condo-Apartment","Bedroom","AIRCONP9-BEDR45","Dust furniture","General",True,False,"CLES1-AIRCONP9-BEDR45"
244,244,"T244","CLES1-AIRCONP9-BEDR45-T244","Cleaning","CLES1","AirBnb","Condo-Apartment","Bedroom","AIRCONP9-BEDR45","Clean hallways and staircases","General",True,False,"CLES1-AIRCONP9-BEDR45"
245,245,"T245","CLES1-AIRCONP9-BEDR45-T245","Cleaning","CLES1","AirBnb","Condo-Apartment","Bedroom","AIRCONP9-BEDR45","Clean glass on patio door & front door","General",True,False,"CLES1-AIRCONP9-BEDR45"
246,246,"T246","CLES1-AIRCONP9-BEDR45-T246","Cleaning","CLES1","AirBnb","Condo-Apartment","Bedroom","AIRCONP9-BEDR45","Empty bins","General",True,False,"CLES1-AIRCONP9-BEDR45"
247,247,"T247","CLES1-AIRCONP9-BEDR45-T247","Cleaning","CLES1","AirBnb","Condo-Apartment","Bedroom","AIRCONP9-BEDR45","Clean baseboards","Deep",True,False,"CLES1-AIRCONP9-BEDR45"
248,248,"T248","CLES1-AIRCONP9-BEDR45-T248","Cleaning","CLES1","AirBnb","Condo-Apartment","Bedroom","AIRCONP9-BEDR45","Clean under furniture","Deep",True,False,"CLES1-AIRCONP9-BEDR45"
249,249,"T249","CLES1-AIRCONP9-BEDR45-T249","Cleaning","CLES1","AirBnb","Condo-Apartment","Bedroom","AIRCONP9-BEDR45","Wipe window sills","Deep",True,False,"CLES1-AIRCONP9-BEDR45"
250,250,"T250","CLES1-AIRCONP9-BEDR45-T250","Cleaning","CLES1","AirBnb","Condo-Apartment","Bedroom","AIRCONP9-BEDR45","Clean window frames","Deep",True,False,"CLES1-AIRCONP9-BEDR45"
251,251,"T251","CLES1-AIRCONP9-BEDR45-T251","Cleaning","CLES1","AirBnb","Condo-Apartment","Bedroom","AIRCONP9-BEDR45","Wipe door frames","Deep",True,False,"CLES1-AIRCONP9-BEDR45"
252,252,"T252","CLES1-AIRCONP9-BEDR45-T252","Cleaning","CLES1","AirBnb","Condo-Apartment","Bedroom","AIRCONP9-BEDR45","Spot clean walls","Deep",True,False,"CLES1-AIRCONP9-BEDR45"
253,253,"T253","CLES1-AIRCONP9-BEDR45-T253","Cleaning","CLES1","AirBnb","Condo-Apartment","Bedroom","AIRCONP9-BEDR45","Clean and wipe vents","Deep",True,False,"CLES1-AIRCONP9-BEDR45"
254,254,"T254","CLES1-AIRCONP9-BEDR45-T254","Cleaning","CLES1","AirBnb","Condo-Apartment","Bedroom","AIRCONP9-BEDR45","Dusting ceiling","Deep",True,False,"CLES1-AIRCONP9-BEDR45"
255,255,"T255","CLES1-AIRCONP9-BEDR45-T255","Cleaning","CLES1","AirBnb","Condo-Apartment","Bedroom","AIRCONP9-BEDR45","Wiping fans","Deep",True,False,"CLES1-AIRCONP9-BEDR45"
256,256,"T256","CLES1-AIRCONP9-LIVR46-T256","Cleaning","CLES1","AirBnb","Condo-Apartment","Living Space","AIRCONP9-LIVR46","Dust and wipe table-top surfaces","General",True,False,"CLES1-AIRCONP9-LIVR46"
257,257,"T257","CLES1-AIRCONP9-LIVR46-T257","Cleaning","CLES1","AirBnb","Condo-Apartment","Living Space","AIRCONP9-LIVR46","Sweep and mop floors","General",True,False,"CLES1-AIRCONP9-LIVR46"
258,258,"T258","CLES1-AIRCONP9-LIVR46-T258","Cleaning","CLES1","AirBnb","Condo-Apartment","Living Space","AIRCONP9-LIVR46","Vacuum carpets","General",True,False,"CLES1-AIRCONP9-LIVR46"
259,259,"T259","CLES1-AIRCONP9-LIVR46-T259","Cleaning","CLES1","AirBnb","Condo-Apartment","Living Space","AIRCONP9-LIVR46","Clean mirrors","General",True,False,"CLES1-AIRCONP9-LIVR46"
260,260,"T260","CLES1-AIRCONP9-LIVR46-T260","Cleaning","CLES1","AirBnb","Condo-Apartment","Living Space","AIRCONP9-LIVR46","Dust furniture","General",True,False,"CLES1-AIRCONP9-LIVR46"
261,261,"T261","CLES1-AIRCONP9-LIVR46-T261","Cleaning","CLES1","AirBnb","Condo-Apartment","Living Space","AIRCONP9-LIVR46","Clean hallways and staircases","General",True,False,"CLES1-AIRCONP9-LIVR46"
262,262,"T262","CLES1-AIRCONP9-LIVR46-T262","Cleaning","CLES1","AirBnb","Condo-Apartment","Living Space","AIRCONP9-LIVR46","Clean glass on patio door & front door","General",True,False,"CLES1-AIRCONP9-LIVR46"
263,263,"T263","CLES1-AIRCONP9-LIVR46-T263","Cleaning","CLES1","AirBnb","Condo-Apartment","Living Space","AIRCONP9-LIVR46","Empty bins","General",True,False,"CLES1-AIRCONP9-LIVR46"
264,264,"T264","CLES1-AIRCONP9-LIVR46-T264","Cleaning","CLES1","AirBnb","Condo-Apartment","Living Space","AIRCONP9-LIVR46","Clean baseboards","Deep",True,False,"CLES1-AIRCONP9-LIVR46"
265,265,"T265","CLES1-AIRCONP9-LIVR46-T265","Cleaning","CLES1","AirBnb","Condo-Apartment","Living Space","AIRCONP9-LIVR46","Clean under furniture","Deep",True,False,"CLES1-AIRCONP9-LIVR46"
266,266,"T266","CLES1-AIRCONP9-LIVR46-T266","Cleaning","CLES1","AirBnb","Condo-Apartment","Living Space","AIRCONP9-LIVR46","Wipe window sills","Deep",True,False,"CLES1-AIRCONP9-LIVR46"
267,267,"T267","CLES1-AIRCONP9-LIVR46-T267","Cleaning","CLES1","AirBnb","Condo-Apartment","Living Space","AIRCONP9-LIVR46","Clean window frames","Deep",True,False,"CLES1-AIRCONP9-LIVR46"
268,268,"T268","CLES1-AIRCONP9-LIVR46-T268","Cleaning","CLES1","AirBnb","Condo-Apartment","Living Space","AIRCONP9-LIVR46","Wipe door frames","Deep",True,False,"CLES1-AIRCONP9-LIVR46"
269,269,"T269","CLES1-AIRCONP9-LIVR46-T269","Cleaning","CLES1","AirBnb","Condo-Apartment","Living Space","AIRCONP9-LIVR46","Spot clean walls","Deep",True,False,"CLES1-AIRCONP9-LIVR46"
270,270,"T270","CLES1-AIRCONP9-LIVR46-T270","Cleaning","CLES1","AirBnb","Condo-Apartment","Living Space","AIRCONP9-LIVR46","Clean and wipe vents","Deep",True,False,"CLES1-AIRCONP9-LIVR46"
271,271,"T271","CLES1-AIRCONP9-LIVR46-T271","Cleaning","CLES1","AirBnb","Condo-Apartment","Living Space","AIRCONP9-LIVR46","Dusting ceiling","Deep",True,False,"CLES1-AIRCONP9-LIVR46"
272,272,"T272","CLES1-AIRCONP9-LIVR46-T272","Cleaning","CLES1","AirBnb","Condo-Apartment","Living Space","AIRCONP9-LIVR46","Wiping fans","Deep",True,False,"CLES1-AIRCONP9-LIVR46"
273,273,"T273","CLES1-AIRCONP9-STOR47-T273","Cleaning","CLES1","AirBnb","Condo-Apartment","Storage Locker","AIRCONP9-STOR47","","",True,False,"CLES1-AIRCONP9-STOR47"
276,276,"T276","SMAS5--T276","Small Repairs","SMAS5","Residential","House","House","","Chalk","",True,False,"SMAS5-"
277,277,"T277","SMAS5--T277","Small Repairs","SMAS5","Residential","House","House","","Mudding","",True,False,"SMAS5-"
278,278,"T278","SMAS5--T278","Small Repairs","SMAS5","Residential","House","House","","Furniture Assembly","",True,False,"SMAS5-"
279,279,"T279","SMAS5--T279","Small Repairs","SMAS5","Residential","Condo-Apartment","Condo-Apartment","","Drywall","",True,False,"SMAS5-"
280,280,"T280","SMAS5--T280","Small Repairs","SMAS5","Residential","Condo-Apartment","Condo-Apartment","","Wall Mounting","",True,False,"SMAS5-"
281,281,"T281","SMAS5--T281","Small Repairs","SMAS5","Residential","Condo-Apartment","Condo-Apartment","","Chalk","",True,False,"SMAS5-"
282,282,"T282","SMAS5--T282","Small Repairs","SMAS5","Residential","Condo-Apartment","Condo-Apartment","","Mudding","",True,False,"SMAS5-"
288,288,"T288","SMAS5--T288","Small Repairs","SMAS5","Commercial","Office","Office","","Drywall","",True,False,"SMAS5-"
289,289,"T289","SMAS5--T289","Small Repairs","SMAS5","Commercial","Office","Office","","Wall Mounting","",True,False,"SMAS5-"
290,290,"T290","SMAS5--T290","Small Repairs","SMAS5","Commercial","Office","Office","","Chalk","",True,False,"SMAS5-"
291,291,"T291","SMAS5--T291","Small Repairs","SMAS5","Commercial","Office","Office","","Mudding","",True,False,"SMAS5-"
292,292,"T292","SMAS5--T292","Small Repairs","SMAS5","Commercial","Event","Event","","Drywall","",True,False,"SMAS5-"
293,293,"T293","SMAS5--T293","Small Repairs","SMAS5","Commercial","Event","Event","","Wall Mounting","",True,False,"SMAS5-"
294,294,"T294","SMAS5--T294","Small Repairs","SMAS5","Commercial","Event","Event","","Chalk","",True,False,"SMAS5-"
295,295,"T295","SMAS5--T295","Small Repairs","SMAS5","Commercial","Event","Event","","Mudding","",True,False,"SMAS5-"
296,296,"T296","PAIS9-RESHOUP1-GARR1-T296","Paint","PAIS9","Residential","House","Garage","RESHOUP1-GARR1","Paint","",True,False,"PAIS9-RESHOUP1-GARR1"
297,297,"T297","PAIS9-RESHOUP1-KITR2-T297","Paint","PAIS9","Residential","House","Kitchen","RESHOUP1-KITR2","Paint","",True,False,"PAIS9-RESHOUP1-KITR2"
298,298,"T298","PAIS9-RESHOUP1-BATR3-T298","Paint","PAIS9","Residential","House","Bathroom","RESHOUP1-BATR3","Paint","",True,False,"PAIS9-RESHOUP1-BATR3"
299,299,"T299","PAIS9-RESHOUP1-BEDR4-T299","Paint","PAIS9","Residential","House","Bedroom","RESHOUP1-BEDR4","Paint","",True,False,"PAIS9-RESHOUP1-BEDR4"
300,300,"T300","PAIS9-RESHOUP1-LIVR5-T300","Paint","PAIS9","Residential","House","Living Space","RESHOUP1-LIVR5","Paint","",True,False,"PAIS9-RESHOUP1-LIVR5"
301,301,"T301","PAIS9-RESHOUP1-OUTR6-T301","Paint","PAIS9","Residential","House","Outdoor","RESHOUP1-OUTR6","Paint","",True,False,"PAIS9-RESHOUP1-OUTR6"
302,302,"T302","PAIS9-RESHOUP1-DINR7-T302","Paint","PAIS9","Residential","House","Dining Space","RESHOUP1-DINR7","Paint","",True,False,"PAIS9-RESHOUP1-DINR7"
303,303,"T303","PAIS9-RESCONP2-KITR8-T303","Paint","PAIS9","Residential","Condo-Apartment","Kitchen","RESCONP2-KITR8","Paint","",True,False,"PAIS9-RESCONP2-KITR8"
304,304,"T304","PAIS9-RESCONP2-BATR9-T304","Paint","PAIS9","Residential","Condo-Apartment","Bathroom","RESCONP2-BATR9","Paint","",True,False,"PAIS9-RESCONP2-BATR9"
305,305,"T305","PAIS9-RESCONP2-BEDR10-T305","Paint","PAIS9","Residential","Condo-Apartment","Bedroom","RESCONP2-BEDR10","Paint","",True,False,"PAIS9-RESCONP2-BEDR10"
306,306,"T306","PAIS9-RESCONP2-DINR11-T306","Paint","PAIS9","Residential","Condo-Apartment","Dining Space","RESCONP2-DINR11","Paint","",True,False,"PAIS9-RESCONP2-DINR11"
307,307,"T307","PAIS9-RESCONP2-LIVR12-T307","Paint","PAIS9","Residential","Condo-Apartment","Living Space","RESCONP2-LIVR12","Paint","",True,False,"PAIS9-RESCONP2-LIVR12"
308,308,"T308","PAIS9-RESCONP2-STOR13-T308","Paint","PAIS9","Residential","Condo-Apartment","Storage Locker","RESCONP2-STOR13","Paint","",True,False,"PAIS9-RESCONP2-STOR13"
309,309,"T309","PAIS9-COMRESP3-KITR14-T309","Paint","PAIS9","Commercial","Restaurant","Kitchen","COMRESP3-KITR14","Paint","",True,False,"PAIS9-COMRESP3-KITR14"
310,310,"T310","PAIS9-COMRESP3-DINR15-T310","Paint","PAIS9","Commercial","Restaurant","Dining Space","COMRESP3-DINR15","Paint","",True,False,"PAIS9-COMRESP3-DINR15"
311,311,"T311","PAIS9-COMRESP3-BATR16-T311","Paint","PAIS9","Commercial","Restaurant","Bathroom","COMRESP3-BATR16","Paint","",True,False,"PAIS9-COMRESP3-BATR16"
312,312,"T312","PAIS9-COMRESP3-LANR17-T312","Paint","PAIS9","Commercial","Restaurant","Landscape","COMRESP3-LANR17","Paint","",True,False,"PAIS9-COMRESP3-LANR17"
313,313,"T313","PAIS9-COMRESP3-PARR18-T313","Paint","PAIS9","Commercial","Restaurant","Parking Lot","COMRESP3-PARR18","Paint","",True,False,"PAIS9-COMRESP3-PARR18"
314,314,"T314","PAIS9-COMOFFP4-KITR19-T314","Paint","PAIS9","Commercial","Office","Kitchen","COMOFFP4-KITR19","Paint","",True,False,"PAIS9-COMOFFP4-KITR19"
315,315,"T315","PAIS9-COMOFFP4-BATR20-T315","Paint","PAIS9","Commercial","Office","Bathroom","COMOFFP4-BATR20","Paint","",True,False,"PAIS9-COMOFFP4-BATR20"
316,316,"T316","PAIS9-COMOFFP4-LANR21-T316","Paint","PAIS9","Commercial","Office","Landscape","COMOFFP4-LANR21","Paint","",True,False,"PAIS9-COMOFFP4-LANR21"
317,317,"T317","PAIS9-COMOFFP4-PARR22-T317","Paint","PAIS9","Commercial","Office","Parking Lot","COMOFFP4-PARR22","Paint","",True,False,"PAIS9-COMOFFP4-PARR22"
318,318,"T318","PAIS9-COMOFFP4-LOBR23-T318","Paint","PAIS9","Commercial","Office","Lobby","COMOFFP4-LOBR23","Paint","",True,False,"PAIS9-COMOFFP4-LOBR23"
319,319,"T319","PAIS9-COMOFFP4-BRER48-T319","Paint","PAIS9","Commercial","Office","Breakroom","COMOFFP4-BRER48","Paint","",True,False,"PAIS9-COMOFFP4-BRER48"
320,320,"T320","PAIS9-COMOFFP4-WORR49-T320","Paint","PAIS9","Commercial","Office","Work Stations","COMOFFP4-WORR49","Paint","",True,False,"PAIS9-COMOFFP4-WORR49"
321,321,"T321","CLES1-RESHOUP1-KITR2-T321","Cleaning","CLES1","Residential","House","Kitchen","RESHOUP1-KITR2","Inside fridge","Deep",True,False,"CLES1-RESHOUP1-KITR2"
322,322,"T322","CLES1-RESCONP2-KITR8-T322","Cleaning","CLES1","Residential","Condo-Apartment","Kitchen","RESCONP2-KITR8","Inside fridge","Deep",True,False,"CLES1-RESCONP2-KITR8"
323,323,"T323","CLES1-AIRCONP9-KITR43-T323","Cleaning","CLES1","AirBnb","Condo-Apartment","Kitchen","AIRCONP9-KITR43","Inside fridge","Deep",True,False,"CLES1-AIRCONP9-KITR43"
324,324,"T324","CLES1-AIRHOUP8-KITR36-T324","Cleaning","CLES1","AirBnb","House","Kitchen","AIRHOUP8-KITR36","Inside fridge","Deep",True,False,"CLES1-AIRHOUP8-KITR36"
325,325,"T325","CLES1-RESHOUP1-KITR2-T325","Cleaning","CLES1","Residential","House","Kitchen","RESHOUP1-KITR2","Inside oven","Deep",True,False,"CLES1-RESHOUP1-KITR2"
326,326,"T326","CLES1-RESCONP2-KITR8-T326","Cleaning","CLES1","Residential","Condo-Apartment","Kitchen","RESCONP2-KITR8","Inside oven","Deep",True,False,"CLES1-RESCONP2-KITR8"
327,327,"T327","CLES1-AIRCONP9-KITR43-T327","Cleaning","CLES1","AirBnb","Condo-Apartment","Kitchen","AIRCONP9-KITR43","Inside oven","Deep",True,False,"CLES1-AIRCONP9-KITR43"
328,328,"T328","CLES1-AIRHOUP8-KITR36-T328","Cleaning","CLES1","AirBnb","House","Kitchen","AIRHOUP8-KITR36","Inside oven","Deep",True,False,"CLES1-AIRHOUP8-KITR36"
329,331,"T331","CLES1-RESHOUP1-KITR2-T331","Cleaning","CLES1","Residential","House","Kitchen","RESHOUP1-KITR2","Inside cabinets","Deep",True,False,"CLES1-RESHOUP1-KITR2"
330,332,"T332","CLES1-RESCONP2-KITR8-T332","Cleaning","CLES1","Residential","Condo-Apartment","Kitchen","RESCONP2-KITR8","Inside cabinets","Deep",True,False,"CLES1-RESCONP2-KITR8"
331,333,"T333","CLES1-AIRCONP9-KITR43-T333","Cleaning","CLES1","AirBnb","Condo-Apartment","Kitchen","AIRCONP9-KITR43","Inside cabinets","Deep",True,False,"CLES1-AIRCONP9-KITR43"
332,334,"T334","CLES1-AIRHOUP8-KITR36-T334","Cleaning","CLES1","AirBnb","House","Kitchen","AIRHOUP8-KITR36","Inside cabinets","Deep",True,False,"CLES1-AIRHOUP8-KITR36"
333,335,"T335","CLES1-AIRHOUP8-KITR36-T335","Cleaning","CLES1","AirBnb","House","Kitchen","AIRHOUP8-KITR36","Load Dishwasher","Deep",True,False,"CLES1-AIRHOUP8-KITR36"
334,336,"T336","CLES1-AIRCONP9-KITR43-T336","Cleaning","CLES1","AirBnb","Condo-Apartment","Kitchen","AIRCONP9-KITR43","Load Dishwasher","Deep",True,False,"CLES1-AIRCONP9-KITR43"
335,337,"T337","CLES1-RESHOUP1-KITR2-T337","Cleaning","CLES1","Residential","House","Kitchen","RESHOUP1-KITR2","Load Dishwasher","Deep",True,False,"CLES1-RESHOUP1-KITR2"
336,338,"T338","CLES1-RESCONP2-KITR8-T338","Cleaning","CLES1","Residential","Condo-Apartment","Kitchen","RESCONP2-KITR8","Load Dishwasher","Deep",True,False,"CLES1-RESCONP2-KITR8"
213,213,"T213","CLES1-AIRHOUP8-GARR41-T213","Cleaning","CLES1","AirBnb","House","Garage","AIRHOUP8-GARR41","","",True,False,"CLES1-AIRHOUP8-GARR41"
15,15,"T15","CLES1-RESHOUP1-GARR1-T15","Cleaning","CLES1","Residential","House","Garage","RESHOUP1-GARR1","","",True,False,"CLES1-RESHOUP1-GARR1"
63,63,"T63","CLES1-RESHOUP1-OUTR6-T63","Cleaning","CLES1","Residential","House","Outdoor","RESHOUP1-OUTR6","Salting","General",True,False,"CLES1-RESHOUP1-OUTR6"
274,274,"T274","SMAS5--T274","Small Repairs","SMAS5","Residential","House","House","","Drywall","",True,False,"SMAS5-"
1,1,"T1","CLES1-RESHOUP1-KITR2-T1","Cleaning","CLES1","Residential","House","Kitchen","RESHOUP1-KITR2","Dust and wipe table-top surfaces","General",True,False,"CLES1-RESHOUP1-KITR2"
2,2,"T2","CLES1-RESHOUP1-KITR2-T2","Cleaning","CLES1","Residential","House","Kitchen","RESHOUP1-KITR2","Clean and shine sink","General",True,False,"CLES1-RESHOUP1-KITR2"
3,3,"T3","CLES1-RESHOUP1-KITR2-T3","Cleaning","CLES1","Residential","House","Kitchen","RESHOUP1-KITR2","Sweep and mop floors","General",True,False,"CLES1-RESHOUP1-KITR2"
4,4,"T4","CLES1-RESHOUP1-KITR2-T4","Cleaning","CLES1","Residential","House","Kitchen","RESHOUP1-KITR2","Clean and wipe appliances (exterior)","General",True,False,"CLES1-RESHOUP1-KITR2"
5,5,"T5","CLES1-RESHOUP1-KITR2-T5","Cleaning","CLES1","Residential","House","Kitchen","RESHOUP1-KITR2","Clean stovetop","General",True,False,"CLES1-RESHOUP1-KITR2"
6,6,"T6","CLES1-RESHOUP1-KITR2-T6","Cleaning","CLES1","Residential","House","Kitchen","RESHOUP1-KITR2","Empty bins","General",True,False,"CLES1-RESHOUP1-KITR2"
7,7,"T7","CLES1-RESHOUP1-KITR2-T7","Cleaning","CLES1","Residential","House","Kitchen","RESHOUP1-KITR2","Clean microwave interior","Deep",True,False,"CLES1-RESHOUP1-KITR2"
8,8,"T8","CLES1-RESHOUP1-KITR2-T8","Cleaning","CLES1","Residential","House","Kitchen","RESHOUP1-KITR2","Clean kitchen baseboards","Deep",True,False,"CLES1-RESHOUP1-KITR2"
9,9,"T9","CLES1-RESHOUP1-KITR2-T9","Cleaning","CLES1","Residential","House","Kitchen","RESHOUP1-KITR2","Wipe and clean backsplash","Deep",True,False,"CLES1-RESHOUP1-KITR2"
10,10,"T10","CLES1-RESHOUP1-KITR2-T10","Cleaning","CLES1","Residential","House","Kitchen","RESHOUP1-KITR2","Spot clean walls","Deep",True,False,"CLES1-RESHOUP1-KITR2"
11,11,"T11","CLES1-RESHOUP1-KITR2-T11","Cleaning","CLES1","Residential","House","Kitchen","RESHOUP1-KITR2","Clean behind appliances","Deep",True,False,"CLES1-RESHOUP1-KITR2"
12,12,"T12","CLES1-RESHOUP1-KITR2-T12","Cleaning","CLES1","Residential","House","Kitchen","RESHOUP1-KITR2","Clean range hood","Deep",True,False,"CLES1-RESHOUP1-KITR2"
13,13,"T13","CLES1-RESHOUP1-KITR2-T13","Cleaning","CLES1","Residential","House","Kitchen","RESHOUP1-KITR2","Clean and wipe vents","Deep",True,False,"CLES1-RESHOUP1-KITR2"
14,14,"T14","CLES1-RESHOUP1-KITR2-T14","Cleaning","CLES1","Residential","House","Kitchen","RESHOUP1-KITR2","Dusting ceiling","Deep",True,False,"CLES1-RESHOUP1-KITR2"
16,16,"T16","CLES1-RESHOUP1-BATR3-T16","Cleaning","CLES1","Residential","House","Bathroom","RESHOUP1-BATR3","Wipe and sanitize all surfaces","General",True,False,"CLES1-RESHOUP1-BATR3"
17,17,"T17","CLES1-RESHOUP1-BATR3-T17","Cleaning","CLES1","Residential","House","Bathroom","RESHOUP1-BATR3","Clean and shine sink","General",True,False,"CLES1-RESHOUP1-BATR3"
18,18,"T18","CLES1-RESHOUP1-BATR3-T18","Cleaning","CLES1","Residential","House","Bathroom","RESHOUP1-BATR3","Clean mirrors","General",True,False,"CLES1-RESHOUP1-BATR3"
19,19,"T19","CLES1-RESHOUP1-BATR3-T19","Cleaning","CLES1","Residential","House","Bathroom","RESHOUP1-BATR3","Clean and sanitize toilets","General",True,False,"CLES1-RESHOUP1-BATR3"
20,20,"T20","CLES1-RESHOUP1-BATR3-T20","Cleaning","CLES1","Residential","House","Bathroom","RESHOUP1-BATR3","Sweep and mop floors","General",True,False,"CLES1-RESHOUP1-BATR3"
21,21,"T21","CLES1-RESHOUP1-BATR3-T21","Cleaning","CLES1","Residential","House","Bathroom","RESHOUP1-BATR3","Clean shower faucets","General",True,False,"CLES1-RESHOUP1-BATR3"
275,275,"T275","SMAS5--T275","Small Repairs","SMAS5","Residential","House","House","","Wall Mounting","",True,False,"SMAS5-"
283,283,"T283","SMAS5--T283","Small Repairs","SMAS5","Residential","Condo-Apartment","Condo-Apartment","","Furniture Assembly","",True,False,"SMAS5-"
284,284,"T284","SMAS5--T284","Small Repairs","SMAS5","Commercial","Restaurant","Restaurant","","Drywall","",True,False,"SMAS5-"
285,285,"T285","SMAS5--T285","Small Repairs","SMAS5","Commercial","Restaurant","Restaurant","","Wall Mounting","",True,False,"SMAS5-"
286,286,"T286","SMAS5--T286","Small Repairs","SMAS5","Commercial","Restaurant","Restaurant","","Chalk","",True,False,"SMAS5-"
287,287,"T287","SMAS5--T287","Small Repairs","SMAS5","Commercial","Restaurant","Restaurant","","Mudding","",True,False,"SMAS5-"
